Threshold,Calls,TP,FP,Response Rate,Expected Profit,"Profit per 1,000 Calls"
0.10567164963376408,1813,627,1186,0.34583563154991726,4457.0,2458.356315499173
